{
  "project_info": {
    "project_number": "835111968724",
    "firebase_url": "https://expensemanager-ec63e-default-rtdb.asia-southeast1.firebasedatabase.app",
    "project_id": "expensemanager-ec63e",
    "storage_bucket": "expensemanager-ec63e.appspot.com"
  },
  "client": [
    {
      "client_info": {
        "mobilesdk_app_id": "1:835111968724:android:ea81ec369acf1d00bfc041",
        "android_client_info": {
          "package_name": "com.prodms.expencemanager"
        }
      },
      "oauth_client": [
        {
          "client_id": "835111968724-0bed4v6eve5afvsf5h9oj4m1li350c8u.apps.googleusercontent.com",
          "client_type": 3
        }
      ],
      "api_key": [
        {
          "current_key": "AIzaSyA4tNvJoRWlzu6u9oTy29F7SO8f_bE9NSU"
        }
      ],
      "services": {
        "appinvite_service": {
          "other_platform_oauth_client": [
            {
              "client_id": "835111968724-0bed4v6eve5afvsf5h9oj4m1li350c8u.apps.googleusercontent.com",
              "client_type": 3
            }
          ]
        }
      }
    }
  ],
  "configuration_version": "1"
}